{"cameraMode":{"drawMode":0,"name":"Shaded","section":"Shading Mode"},"sceneLighting":true,"audioPlay":false,"sceneViewState":{"m_AlwaysRefresh":false,"showFog":true,"showSkybox":true,"showFlares":true,"showImageEffects":true,"showParticleSystems":true,"showVisualEffectGraphs":true,"m_FxEnabled":true},"in2DMode":false,"pivot":{"x":-11.963460922241211,"y":-3.865673780441284,"z":-1.6206518411636353},"rotation":{"x":0.03215149790048599,"y":0.9635055065155029,"z":-0.2284543365240097,"w":0.13558167219161988},"size":18.668170928955079,"orthographic":false}